File,Label,Structure,SegmentedPropertyCategoryCodeSequence.CodingSchemeDesignator,SegmentedPropertyCategoryCodeSequence.CodeValue,SegmentedPropertyCategoryCodeSequence.CodeMeaning,SegmentedPropertyTypeCodeSequence.CodingSchemeDesignator,SegmentedPropertyTypeCodeSequence.CodeValue,SegmentedPropertyTypeCodeSequence.CodeMeaning,SegmentedPropertyTypeModifierCodeSequence.CodingSchemeDesignator,SegmentedPropertyTypeModifierCodeSequence.CodeValue,SegmentedPropertyTypeModifierCodeSequence.CodeMeaning,AnatomicRegionSequence.CodingSchemeDesignator,AnatomicRegionSequence.CodeValue,AnatomicRegionSequence.CodeMeaning,AnatomicRegionModifierSequence.CodingSchemeDesignator,AnatomicRegionModifierSequence.CodeValue,AnatomicRegionModifierSequence.CodeMeaning
seg_pred_1,1,Other Posterior Circulation,SCT,999999999,Anatomical Structure,SCT,999999999,Other Posterior Circulation,,,,,,,,,
seg_pred_1,2,BA-Tip,SCT,999999999,Anatomical Structure,SCT,999999999,BA-Tip,,,,,,,,,
seg_pred_1,3,Right Posterior Communicating Artery,SCT,999999999,Anatomical Structure,SCT,999999999,Posterior Communicating Artery,SCT,999999999,Right,,,,,,
seg_pred_1,4,Left Posterior Communicating Artery,SCT,999999999,Anatomical Structure,SCT,999999999,Posterior Communicating Artery,SCT,999999999,Left,,,,,,
seg_pred_1,5,Right Infraclinoid Internal Carotid Artery,SCT,999999999,Anatomical Structure,SCT,999999999,Infraclinoid Internal Carotid Artery,SCT,999999999,Right,,,,,,
seg_pred_1,6,Left Infraclinoid Internal Carotid Artery,SCT,999999999,Anatomical Structure,SCT,999999999,Infraclinoid Internal Carotid Artery,SCT,999999999,Left,,,,,,
seg_pred_1,7,Right Supraclinoid Internal Carotid Artery,SCT,999999999,Anatomical Structure,SCT,999999999,Supraclinoid Internal Carotid Artery,SCT,999999999,Right,,,,,,
seg_pred_1,8,Left Supraclinoid Internal Carotid Artery,SCT,999999999,Anatomical Structure,SCT,999999999,Supraclinoid Internal Carotid Artery,SCT,999999999,Left,,,,,,
seg_pred_1,9,Right Middle Cerebral Artery,SCT,999999999,Anatomical Structure,SCT,999999999,Middle Cerebral Artery,SCT,999999999,Right,,,,,,
seg_pred_1,10,Left Middle Cerebral Artery,SCT,999999999,Anatomical Structure,SCT,999999999,Middle Cerebral Artery,SCT,999999999,Left,,,,,,
seg_pred_1,11,Right Anterior Cerebral Artery,SCT,999999999,Anatomical Structure,SCT,999999999,Anterior Cerebral Artery,SCT,999999999,Right,,,,,,
seg_pred_1,12,Left Anterior Cerebral Artery,SCT,999999999,Anatomical Structure,SCT,999999999,Anterior Cerebral Artery,SCT,999999999,Left,,,,,,
seg_pred_1,13,Anterior Communicating Artery,SCT,999999999,Anatomical Structure,SCT,999999999,Anterior Communicating Artery,,,,,,,,,
seg_pred_1,14,Aneurysm,SCT,999999999,Morphologically abnormal structure,SCT,999999999,Aneurysm,,,,,,,,,
seg_pred_2,1,Other Posterior Circulation and Aneurysm,SCT,999999999,Anatomical Structure,SCT,999999999,Other Posterior Circulation and Aneurysm,,,,,,,,,
seg_pred_2,2,BA-Tip and Aneurysm,SCT,999999999,Anatomical Structure,SCT,999999999,BA-Tip and Aneurysm,,,,,,,,,
seg_pred_2,3,Right Posterior Communicating Artery and Aneurysm,SCT,999999999,Anatomical Structure,SCT,999999999,Posterior Communicating Artery and Aneurysm,SCT,999999999,Right,,,,,,
seg_pred_2,4,Left Posterior Communicating Artery and Aneurysm,SCT,999999999,Anatomical Structure,SCT,999999999,Posterior Communicating Artery and Aneurysm,SCT,999999999,Left,,,,,,
seg_pred_2,5,Right Infraclinoid Internal Carotid Artery and Aneurysm,SCT,999999999,Anatomical Structure,SCT,999999999,Infraclinoid Internal Carotid Artery and Aneurysm,SCT,999999999,Right,,,,,,
seg_pred_2,6,Left Infraclinoid Internal Carotid Artery and Aneurysm,SCT,999999999,Anatomical Structure,SCT,999999999,Infraclinoid Internal Carotid Artery and Aneurysm,SCT,999999999,Left,,,,,,
seg_pred_2,7,Right Supraclinoid Internal Carotid Artery and Aneurysm,SCT,999999999,Anatomical Structure,SCT,999999999,Supraclinoid Internal Carotid Artery and Aneurysm,SCT,999999999,Right,,,,,,
seg_pred_2,8,Left Supraclinoid Internal Carotid Artery and Aneurysm,SCT,999999999,Anatomical Structure,SCT,999999999,Supraclinoid Internal Carotid Artery and Aneurysm,SCT,999999999,Left,,,,,,
seg_pred_2,9,Right Middle Cerebral Artery and Aneurysm,SCT,999999999,Anatomical Structure,SCT,999999999,Middle Cerebral Artery and Aneurysm,SCT,999999999,Right,,,,,,
seg_pred_2,10,Left Middle Cerebral Artery and Aneurysm,SCT,999999999,Anatomical Structure,SCT,999999999,Middle Cerebral Artery and Aneurysm,SCT,999999999,Left,,,,,,
seg_pred_2,11,Right Anterior Cerebral Artery and Aneurysm,SCT,999999999,Anatomical Structure,SCT,999999999,Anterior Cerebral Artery and Aneurysm,SCT,999999999,Right,,,,,,
seg_pred_2,12,Left Anterior Cerebral Artery and Aneurysm,SCT,999999999,Anatomical Structure,SCT,999999999,Anterior Cerebral Artery and Aneurysm,SCT,999999999,Left,,,,,,
seg_pred_2,13,Anterior Communicating Artery and Aneurysm,SCT,999999999,Anatomical Structure,SCT,999999999,Anterior Communicating Artery and Aneurysm,,,,,,,,,
seg_pred_26fgCls,1,Other Posterior Circulation,SCT,999999999,Anatomical Structure,SCT,999999999,Other Posterior Circulation,,,,,,,,,
seg_pred_26fgCls,2,BA-Tip,SCT,999999999,Anatomical Structure,SCT,999999999,BA-Tip,,,,,,,,,
seg_pred_26fgCls,3,Right Posterior Communicating Artery,SCT,999999999,Anatomical Structure,SCT,999999999,Posterior Communicating Artery,SCT,999999999,Right,,,,,,
seg_pred_26fgCls,4,Left Posterior Communicating Artery,SCT,999999999,Anatomical Structure,SCT,999999999,Posterior Communicating Artery,SCT,999999999,Left,,,,,,
seg_pred_26fgCls,5,Right Infraclinoid Internal Carotid Artery,SCT,999999999,Anatomical Structure,SCT,999999999,Infraclinoid Internal Carotid Artery,SCT,999999999,Right,,,,,,
seg_pred_26fgCls,6,Left Infraclinoid Internal Carotid Artery,SCT,999999999,Anatomical Structure,SCT,999999999,Infraclinoid Internal Carotid Artery,SCT,999999999,Left,,,,,,
seg_pred_26fgCls,7,Right Supraclinoid Internal Carotid Artery,SCT,999999999,Anatomical Structure,SCT,999999999,Supraclinoid Internal Carotid Artery,SCT,999999999,Right,,,,,,
seg_pred_26fgCls,8,Left Supraclinoid Internal Carotid Artery,SCT,999999999,Anatomical Structure,SCT,999999999,Supraclinoid Internal Carotid Artery,SCT,999999999,Left,,,,,,
seg_pred_26fgCls,9,Right Middle Cerebral Artery,SCT,999999999,Anatomical Structure,SCT,999999999,Middle Cerebral Artery,SCT,999999999,Right,,,,,,
seg_pred_26fgCls,10,Left Middle Cerebral Artery,SCT,999999999,Anatomical Structure,SCT,999999999,Middle Cerebral Artery,SCT,999999999,Left,,,,,,
seg_pred_26fgCls,11,Right Anterior Cerebral Artery,SCT,999999999,Anatomical Structure,SCT,999999999,Anterior Cerebral Artery,SCT,999999999,Right,,,,,,
seg_pred_26fgCls,12,Left Anterior Cerebral Artery,SCT,999999999,Anatomical Structure,SCT,999999999,Anterior Cerebral Artery,SCT,999999999,Left,,,,,,
seg_pred_26fgCls,13,Anterior Communicating Artery,SCT,999999999,Anatomical Structure,SCT,999999999,Anterior Communicating Artery,,,,,,,,,
seg_pred_26fgCls,14,Left Infraclinoid Internal Carotid Artery Aneurysm,SCT,999999999,Morphologically abnormal structure,SCT,999999999,Infraclinoid Internal Carotid Artery Aneurysm,SCT,999999999,Left,,,,,,
seg_pred_26fgCls,15,Right Infraclinoid Internal Carotid Artery Aneurysm,SCT,999999999,Morphologically abnormal structure,SCT,999999999,Infraclinoid Internal Carotid Artery Aneurysm,SCT,999999999,Right,,,,,,
seg_pred_26fgCls,16,Left Supraclinoid Internal Carotid Artery Aneurysm,SCT,999999999,Morphologically abnormal structure,SCT,999999999,Supraclinoid Internal Carotid Artery Aneurysm,SCT,999999999,Left,,,,,,
seg_pred_26fgCls,17,Right Supraclinoid Internal Carotid Artery Aneurysm,SCT,999999999,Morphologically abnormal structure,SCT,999999999,Supraclinoid Internal Carotid Artery Aneurysm,SCT,999999999,Right,,,,,,
seg_pred_26fgCls,18,Left Middle Cerebral Artery Aneurysm,SCT,999999999,Morphologically abnormal structure,SCT,999999999,Middle Cerebral Artery Aneurysm,SCT,999999999,Left,,,,,,
seg_pred_26fgCls,19,Right Middle Cerebral Artery Aneurysm,SCT,999999999,Morphologically abnormal structure,SCT,999999999,Middle Cerebral Artery Aneurysm,SCT,999999999,Right,,,,,,
seg_pred_26fgCls,20,Anterior Communicating Artery Aneurysm,SCT,999999999,Morphologically abnormal structure,SCT,999999999,Anterior Communicating Artery Aneurysm,,,,,,,,,
seg_pred_26fgCls,21,Left Anterior Cerebral Artery Aneurysm,SCT,999999999,Morphologically abnormal structure,SCT,999999999,Anterior Cerebral Artery Aneurysm,SCT,999999999,Left,,,,,,
seg_pred_26fgCls,22,Right Anterior Cerebral Artery Aneurysm,SCT,999999999,Morphologically abnormal structure,SCT,999999999,Anterior Cerebral Artery Aneurysm,SCT,999999999,Right,,,,,,
seg_pred_26fgCls,23,Left Posterior Communicating Artery Aneurysm,SCT,999999999,Morphologically abnormal structure,SCT,999999999,Posterior Communicating Artery Aneurysm,SCT,999999999,Left,,,,,,
seg_pred_26fgCls,24,Right Posterior Communicating Artery Aneurysm,SCT,999999999,Morphologically abnormal structure,SCT,999999999,Posterior Communicating Artery Aneurysm,SCT,999999999,Right,,,,,,
seg_pred_26fgCls,25,Basilar Tip Aneurysm,SCT,999999999,Morphologically abnormal structure,SCT,999999999,Basilar Tip Aneurysm,,,,,,,,,
seg_pred_26fgCls,26,Other Posterior Circulation Aneurysm,SCT,999999999,Morphologically abnormal structure,SCT,999999999,Other Posterior Circulation Aneurysm,,,,,,,,,